rsq,set_name,column,is_baseline,spearman_abs_rho,permutation_r2_drop,ablation_r2_drop,average_rank
RSQ1,nested_set1_baseline,CanopyCover,True,,,,
RSQ1,nested_set1_baseline,time_since_thinning,True,,,,
RSQ1,nested_set1_baseline,time_since_thinning_missing,True,,,,
RSQ1,nested_set1_baseline,recent_thinning_5yr,True,,,,
RSQ1,nested_set2_top5,gwa_weibull_k_50m,False,0.20209926351380128,0.007714717703834917,0.0757488238429519,8.333333333333334
RSQ1,nested_set2_top5,dist_to_scpt_boundary,False,0.11746802811017686,0.008252889643059591,0.11455816124582696,9.0
RSQ1,nested_set2_top5,elevation,False,0.24035244276678086,0.03904719588095018,-0.0039752015257354945,10.333333333333334
RSQ1,nested_set2_top5,dist_to_cpmt_boundary,False,0.09656901822890822,0.016945695218357315,0.030031007296619894,11.0
RSQ1,nested_set2_top5,tas_mean,False,0.19992421272992764,0.008177189365598747,0.020646715612033795,11.333333333333334
RSQ1,nested_set3_gated_terrain_wind,gwa_weibull_k_50m,False,0.20209926351380128,0.007714717703834917,0.0757488238429519,8.333333333333334
RSQ1,nested_set3_gated_terrain_wind,elevation,False,0.24035244276678086,0.03904719588095018,-0.0039752015257354945,10.333333333333334
RSQ1,nested_set3_gated_terrain_wind,eastness,False,0.05154300766755608,0.016403402671710254,0.08163616930958961,11.666666666666666
RSQ1,nested_set3_gated_terrain_wind,windward_topex,False,0.1648491124520994,0.031430170229244436,-0.0010025829577225975,12.0
RSQ1,nested_set3_gated_terrain_wind,gwa_weibull_a_10m,False,0.11959895220323434,0.012156831486890396,0.013066678816907595,13.0
RSQ1,nested_set3_gated_terrain_wind,gwa_weibull_a_50m,False,0.243688046076791,-0.0030111811472832706,0.02342519803352172,13.666666666666666
RSQ1,nested_set3_gated_terrain_wind,slope_degrees,False,0.09397086410875659,0.004418020188897809,0.04225960351509361,15.0
RSQ1,nested_set3_gated_terrain_wind,gwa_weibull_k_10m,False,0.05832090915007795,0.004439922678119768,0.05540475309647186,15.333333333333334
RSQ1,nested_set3_gated_terrain_wind,solar_radiation_index,False,0.06217117663732169,0.008658911938395075,0.015196532340205682,16.666666666666668
RSQ1,nested_set3_gated_terrain_wind,ceh_twi,False,0.11766505472226632,0.0026431608335754087,0.01383666513077586,17.0
RSQ1,nested_set3_gated_terrain_wind,gwa_wind_speed_10m,False,0.12883592245815365,0.006254933566406384,-0.004986708298221565,17.666666666666668
RSQ1,nested_set4_gated_all,gwa_weibull_k_50m,False,0.20209926351380128,0.007714717703834917,0.0757488238429519,8.333333333333334
RSQ1,nested_set4_gated_all,elevation,False,0.24035244276678086,0.03904719588095018,-0.0039752015257354945,10.333333333333334
RSQ1,nested_set4_gated_all,eastness,False,0.05154300766755608,0.016403402671710254,0.08163616930958961,11.666666666666666
RSQ1,nested_set4_gated_all,windward_topex,False,0.1648491124520994,0.031430170229244436,-0.0010025829577225975,12.0
RSQ1,nested_set4_gated_all,gwa_weibull_a_10m,False,0.11959895220323434,0.012156831486890396,0.013066678816907595,13.0
RSQ1,nested_set4_gated_all,gwa_weibull_a_50m,False,0.243688046076791,-0.0030111811472832706,0.02342519803352172,13.666666666666666
RSQ1,nested_set4_gated_all,slope_degrees,False,0.09397086410875659,0.004418020188897809,0.04225960351509361,15.0
RSQ1,nested_set4_gated_all,gwa_weibull_k_10m,False,0.05832090915007795,0.004439922678119768,0.05540475309647186,15.333333333333334
RSQ1,nested_set4_gated_all,solar_radiation_index,False,0.06217117663732169,0.008658911938395075,0.015196532340205682,16.666666666666668
RSQ1,nested_set4_gated_all,ceh_twi,False,0.11766505472226632,0.0026431608335754087,0.01383666513077586,17.0
RSQ1,nested_set4_gated_all,gwa_wind_speed_10m,False,0.12883592245815365,0.006254933566406384,-0.004986708298221565,17.666666666666668
RSQ1,nested_set4_gated_all,dist_to_scpt_boundary,False,0.11746802811017686,0.008252889643059591,0.11455816124582696,9.0
RSQ1,nested_set4_gated_all,dist_to_cpmt_boundary,False,0.09656901822890822,0.016945695218357315,0.030031007296619894,11.0
RSQ1,nested_set4_gated_all,tas_mean,False,0.19992421272992764,0.008177189365598747,0.020646715612033795,11.333333333333334
RSQ1,nested_set4_gated_all,dist_to_block_boundary,False,0.09804332706989151,0.010670502982285335,0.02251338726017371,13.333333333333334
RSQ1,nested_set4_gated_all,chelsa_gdd5_degc,False,0.21644421967991428,0.011249459593203781,-0.024123444304851027,14.333333333333334
RSQ1,nested_set4_gated_all,cpmt_compactness_ratio,False,0.1558628785853159,-0.0017876998452437398,0.031492237618969354,15.0
RSQ1,nested_set5_all_ungated,elevation,False,0.24035244276678086,0.03904719588095018,-0.0039752015257354945,10.333333333333334
RSQ1,nested_set5_all_ungated,slope_degrees,False,0.09397086410875659,0.004418020188897809,0.04225960351509361,15.0
RSQ1,nested_set5_all_ungated,northness,False,0.06966358398399775,-0.006946958664507563,0.029381957676560266,20.666666666666668
RSQ1,nested_set5_all_ungated,eastness,False,0.05154300766755608,0.016403402671710254,0.08163616930958961,11.666666666666666
RSQ1,nested_set5_all_ungated,profile_curvature,False,0.03279176082504213,0.008077395217550687,0.02010820423687243,19.0
RSQ1,nested_set5_all_ungated,plan_curvature,False,0.018760536894367717,-0.003099824806389595,0.13004139272278925,19.666666666666668
RSQ1,nested_set5_all_ungated,tpi,False,0.04168207252278109,0.014561400225353793,0.0005748171603997543,18.333333333333332
RSQ1,nested_set5_all_ungated,elevation_roughness,False,0.06863916976182259,-0.007299196182894763,-0.0007316077292928158,25.333333333333332
RSQ1,nested_set5_all_ungated,tpi_500m,False,0.02983939997365747,-0.012342676955741316,-0.0567835325746302,31.333333333333332
RSQ1,nested_set5_all_ungated,local_relief_500m,False,0.09256415049548551,-0.00953712560972153,0.046260694295198634,19.333333333333332
RSQ1,nested_set5_all_ungated,solar_radiation_index,False,0.06217117663732169,0.008658911938395075,0.015196532340205682,16.666666666666668
RSQ1,nested_set5_all_ungated,frost_hollow_flag,False,0.0032899533607099914,0.0,0.0,26.0
RSQ1,nested_set5_all_ungated,topex,False,0.11286746252042222,-0.015808360990515635,0.0450501057512952,18.666666666666668
RSQ1,nested_set5_all_ungated,windward_topex,False,0.1648491124520994,0.031430170229244436,-0.0010025829577225975,12.0
RSQ1,nested_set5_all_ungated,gwa_weibull_a_10m,False,0.11959895220323434,0.012156831486890396,0.013066678816907595,13.0
RSQ1,nested_set5_all_ungated,gwa_weibull_k_10m,False,0.05832090915007795,0.004439922678119768,0.05540475309647186,15.333333333333334
RSQ1,nested_set5_all_ungated,gwa_weibull_a_50m,False,0.243688046076791,-0.0030111811472832706,0.02342519803352172,13.666666666666666
RSQ1,nested_set5_all_ungated,gwa_weibull_k_50m,False,0.20209926351380128,0.007714717703834917,0.0757488238429519,8.333333333333334
RSQ1,nested_set5_all_ungated,dist_to_cpmt_boundary,False,0.09656901822890822,0.016945695218357315,0.030031007296619894,11.0
RSQ1,nested_set5_all_ungated,dist_to_forest_perimeter,False,0.0522718087096918,-0.0008667709452533368,0.008906050421650824,23.666666666666668
RSQ1,nested_set5_all_ungated,dist_to_scpt_boundary,False,0.11746802811017686,0.008252889643059591,0.11455816124582696,9.0
RSQ1,nested_set5_all_ungated,dist_to_block_boundary,False,0.09804332706989151,0.010670502982285335,0.02251338726017371,13.333333333333334
RSQ1,nested_set5_all_ungated,cpmt_compactness_ratio,False,0.1558628785853159,-0.0017876998452437398,0.031492237618969354,15.0
RSQ1,nested_set5_all_ungated,dist_to_road,False,0.324705857191776,-0.017731048091292556,-0.03988445816285702,22.0
RSQ1,nested_set5_all_ungated,dist_to_watercourse,False,0.10927818992545772,0.0035609514878833792,0.013152826652628291,18.0
RSQ1,nested_set5_all_ungated,gwa_wind_speed_10m,False,0.12883592245815365,0.006254933566406384,-0.004986708298221565,17.666666666666668
RSQ1,nested_set5_all_ungated,soilgrids_ph,False,0.2085693915602882,0.0005894826258066033,-0.016552919506027886,19.0
RSQ1,nested_set5_all_ungated,ceh_twi,False,0.11766505472226632,0.0026431608335754087,0.01383666513077586,17.0
RSQ1,nested_set5_all_ungated,chelsa_gdd5_degc,False,0.21644421967991428,0.011249459593203781,-0.024123444304851027,14.333333333333334
RSQ1,nested_set5_all_ungated,chelsa_bio12_precip_mm,False,0.2198502841977525,0.0038621572432253615,-0.01388983907176411,16.666666666666668
RSQ1,nested_set5_all_ungated,tas_mean,False,0.19992421272992764,0.008177189365598747,0.020646715612033795,11.333333333333334
RSQ1,nested_set5_all_ungated,groundfrost_mean,False,0.017304474062260485,-1.0786245658089832e-05,0.10794051787801473,19.333333333333332
RSQ1,nested_set5_all_ungated,whcl,False,0.1258672617672559,0.0013129307328385575,-0.0024171116058986364,19.333333333333332
RSQ2,nested_set1_baseline,CanopyCover,True,,,,
RSQ2,nested_set1_baseline,time_since_thinning,True,,,,
RSQ2,nested_set1_baseline,time_since_thinning_missing,True,,,,
RSQ2,nested_set1_baseline,recent_thinning_5yr,True,,,,
RSQ2,nested_set2_top5,CanopyCover,True,,,,
RSQ2,nested_set2_top5,time_since_thinning,True,,,,
RSQ2,nested_set2_top5,time_since_thinning_missing,True,,,,
RSQ2,nested_set2_top5,recent_thinning_5yr,True,,,,
RSQ2,nested_set2_top5,chelsa_bio12_precip_mm,False,0.36390418877510455,0.10696446640125601,0.06022102863757317,5.333333333333333
RSQ2,nested_set2_top5,chelsa_gdd5_degc,False,0.31027745558844294,0.03264725441367211,0.07815396445550737,6.0
RSQ2,nested_set2_top5,gwa_weibull_k_50m,False,0.2636651936076674,0.020188256791221826,0.15269290942200342,6.333333333333333
RSQ2,nested_set2_top5,slope_degrees,False,0.08651691363913466,0.045908483134222466,0.11497148078529107,8.666666666666666
RSQ2,nested_set2_top5,gwa_weibull_a_10m,False,0.20320309666902933,0.013670156431671798,0.11724562076424982,9.333333333333334
RSQ2,nested_set3_gated_terrain_wind_vif,CanopyCover,True,,,,
RSQ2,nested_set3_gated_terrain_wind_vif,time_since_thinning,True,,,,
RSQ2,nested_set3_gated_terrain_wind_vif,time_since_thinning_missing,True,,,,
RSQ2,nested_set3_gated_terrain_wind_vif,recent_thinning_5yr,True,,,,
RSQ2,nested_set3_gated_terrain_wind_vif,gwa_weibull_k_50m,False,0.2636651936076674,0.020188256791221826,0.15269290942200342,6.333333333333333
RSQ2,nested_set3_gated_terrain_wind_vif,slope_degrees,False,0.08651691363913466,0.045908483134222466,0.11497148078529107,8.666666666666666
RSQ2,nested_set3_gated_terrain_wind_vif,gwa_weibull_a_10m,False,0.20320309666902933,0.013670156431671798,0.11724562076424982,9.333333333333334
RSQ2,nested_set3_gated_terrain_wind_vif,local_relief_500m,False,0.1538429904519318,0.02688806449377723,0.05079868918960262,11.666666666666666
RSQ2,nested_set3_gated_terrain_wind_vif,eastness,False,0.07102141344683391,0.010323385178439892,0.13215750479342125,12.0
RSQ2,nested_set3_gated_terrain_wind_vif,gwa_weibull_a_50m,False,0.3431453487245717,0.008325268425901755,0.016290749368265245,13.0
RSQ2,nested_set3_gated_terrain_wind_vif,ceh_twi,False,0.10303569845435735,0.0008766696114080874,0.21252609702466152,13.666666666666666
RSQ2,nested_set3_gated_terrain_wind_vif,whcl,False,0.25366343052359974,0.008004202059011312,0.017801080774812683,14.666666666666666
RSQ2,nested_set3_gated_terrain_wind_vif,topex,False,0.09297900619628374,0.0036737142775173925,0.061255515614578204,15.333333333333334
RSQ2,nested_set3_gated_terrain_wind_vif,gwa_wind_speed_10m,False,0.20603431212086268,0.0054011103517362935,0.023000615841219707,15.666666666666666
RSQ2,nested_set4_gated_all_vif,CanopyCover,True,,,,
RSQ2,nested_set4_gated_all_vif,time_since_thinning,True,,,,
RSQ2,nested_set4_gated_all_vif,time_since_thinning_missing,True,,,,
RSQ2,nested_set4_gated_all_vif,recent_thinning_5yr,True,,,,
RSQ2,nested_set4_gated_all_vif,gwa_weibull_k_50m,False,0.2636651936076674,0.020188256791221826,0.15269290942200342,6.333333333333333
RSQ2,nested_set4_gated_all_vif,slope_degrees,False,0.08651691363913466,0.045908483134222466,0.11497148078529107,8.666666666666666
RSQ2,nested_set4_gated_all_vif,gwa_weibull_a_10m,False,0.20320309666902933,0.013670156431671798,0.11724562076424982,9.333333333333334
RSQ2,nested_set4_gated_all_vif,local_relief_500m,False,0.1538429904519318,0.02688806449377723,0.05079868918960262,11.666666666666666
RSQ2,nested_set4_gated_all_vif,eastness,False,0.07102141344683391,0.010323385178439892,0.13215750479342125,12.0
RSQ2,nested_set4_gated_all_vif,gwa_weibull_a_50m,False,0.3431453487245717,0.008325268425901755,0.016290749368265245,13.0
RSQ2,nested_set4_gated_all_vif,ceh_twi,False,0.10303569845435735,0.0008766696114080874,0.21252609702466152,13.666666666666666
RSQ2,nested_set4_gated_all_vif,whcl,False,0.25366343052359974,0.008004202059011312,0.017801080774812683,14.666666666666666
RSQ2,nested_set4_gated_all_vif,topex,False,0.09297900619628374,0.0036737142775173925,0.061255515614578204,15.333333333333334
RSQ2,nested_set4_gated_all_vif,gwa_wind_speed_10m,False,0.20603431212086268,0.0054011103517362935,0.023000615841219707,15.666666666666666
RSQ2,nested_set4_gated_all_vif,chelsa_bio12_precip_mm,False,0.36390418877510455,0.10696446640125601,0.06022102863757317,5.333333333333333
RSQ2,nested_set4_gated_all_vif,dist_to_road,False,0.3768910817869271,0.03237533798099568,-0.025138632573031394,12.333333333333334
RSQ2,nested_set4_gated_all_vif,tas_mean,False,0.27327777981907453,0.01448529552650435,0.013623421125243174,13.333333333333334
RSQ2,nested_set4_gated_all_vif,dist_to_scpt_boundary,False,0.06263096900288838,0.007363958947305349,0.16903243913569133,13.666666666666666
RSQ2,nested_set4_gated_all_vif,soilgrids_ph,False,0.27088996238950896,0.0004151626878813319,0.05556394063627734,16.0
RSQ2,nested_set5_all_ungated_vif,CanopyCover,True,,,,
RSQ2,nested_set5_all_ungated_vif,time_since_thinning,True,,,,
RSQ2,nested_set5_all_ungated_vif,time_since_thinning_missing,True,,,,
RSQ2,nested_set5_all_ungated_vif,recent_thinning_5yr,True,,,,
RSQ2,nested_set5_all_ungated_vif,slope_degrees,False,0.08651691363913466,0.045908483134222466,0.11497148078529107,8.666666666666666
RSQ2,nested_set5_all_ungated_vif,northness,False,0.004591132665643962,-0.005607976423481542,-0.006259688267894581,31.0
RSQ2,nested_set5_all_ungated_vif,eastness,False,0.07102141344683391,0.010323385178439892,0.13215750479342125,12.0
RSQ2,nested_set5_all_ungated_vif,profile_curvature,False,0.014744472115627356,0.0020160953527228465,0.04275356137808661,23.0
RSQ2,nested_set5_all_ungated_vif,plan_curvature,False,0.002322683364858169,0.001718876520520607,0.06614904004474453,22.0
RSQ2,nested_set5_all_ungated_vif,tpi_500m,False,0.07033059857314769,-0.0020621781306701115,0.015553180715223158,24.0
RSQ2,nested_set5_all_ungated_vif,local_relief_500m,False,0.1538429904519318,0.02688806449377723,0.05079868918960262,11.666666666666666
RSQ2,nested_set5_all_ungated_vif,frost_hollow_flag,False,0.0249920025086325,0.0002156262112970042,0.025307417819013023,24.666666666666668
RSQ2,nested_set5_all_ungated_vif,windward_topex,False,0.07030535852050503,0.017836117384012584,-0.03236571386908471,20.666666666666668
RSQ2,nested_set5_all_ungated_vif,gwa_weibull_a_10m,False,0.20320309666902933,0.013670156431671798,0.11724562076424982,9.333333333333334
RSQ2,nested_set5_all_ungated_vif,gwa_weibull_k_10m,False,0.025707383147882956,0.0030013205792895903,-0.03238129219702435,27.0
RSQ2,nested_set5_all_ungated_vif,gwa_weibull_a_50m,False,0.3431453487245717,0.008325268425901755,0.016290749368265245,13.0
RSQ2,nested_set5_all_ungated_vif,gwa_weibull_k_50m,False,0.2636651936076674,0.020188256791221826,0.15269290942200342,6.333333333333333
RSQ2,nested_set5_all_ungated_vif,dist_to_forest_perimeter,False,0.07693471023293806,-0.0030798411063094333,-0.011609654295077432,26.0
RSQ2,nested_set5_all_ungated_vif,dist_to_block_boundary,False,0.05487769217255867,0.003287359476225049,0.06554580261529674,18.666666666666668
RSQ2,nested_set5_all_ungated_vif,cpmt_compactness_ratio,False,0.06996133879073094,0.005251423707465119,-0.0006749386036950522,22.666666666666668
RSQ2,nested_set5_all_ungated_vif,dist_to_road,False,0.3768910817869271,0.03237533798099568,-0.025138632573031394,12.333333333333334
RSQ2,nested_set5_all_ungated_vif,dist_to_watercourse,False,0.08969148156403403,-0.00536356576734931,0.028996533719052642,21.666666666666668
RSQ2,nested_set5_all_ungated_vif,gwa_wind_speed_10m,False,0.20603431212086268,0.0054011103517362935,0.023000615841219707,15.666666666666666
RSQ2,nested_set5_all_ungated_vif,soilgrids_ph,False,0.27088996238950896,0.0004151626878813319,0.05556394063627734,16.0
RSQ2,nested_set5_all_ungated_vif,ceh_twi,False,0.10303569845435735,0.0008766696114080874,0.21252609702466152,13.666666666666666
RSQ2,nested_set5_all_ungated_vif,tas_mean,False,0.27327777981907453,0.01448529552650435,0.013623421125243174,13.333333333333334
RSQ2,nested_set5_all_ungated_vif,groundfrost_mean,False,0.1719290268058971,-4.5959043609600236e-05,-0.03566908554314652,24.666666666666668
RSQ2,nested_set5_all_ungated_vif,whcl,False,0.25366343052359974,0.008004202059011312,0.017801080774812683,14.666666666666666
RSQ3,nested_set1_baseline,CanopyCover,True,,,,
RSQ3,nested_set1_baseline,time_since_thinning,True,,,,
RSQ3,nested_set1_baseline,time_since_thinning_missing,True,,,,
RSQ3,nested_set1_baseline,recent_thinning_5yr,True,,,,
RSQ3,nested_set2_top5,CanopyCover,True,,,,
RSQ3,nested_set2_top5,time_since_thinning,True,,,,
RSQ3,nested_set2_top5,time_since_thinning_missing,True,,,,
RSQ3,nested_set2_top5,recent_thinning_5yr,True,,,,
RSQ3,nested_set2_top5,windward_topex,False,0.15563456203133938,0.026553804140777015,-0.003949936043077695,9.333333333333334
RSQ3,nested_set2_top5,elevation,False,0.16990345398710582,0.05223420946877033,-0.026087384501496835,11.0
RSQ3,nested_set2_top5,cpmt_compactness_ratio,False,0.054873164799713554,0.035489038954965135,0.0012240100943451404,11.0
RSQ3,nested_set2_top5,dist_to_road,False,0.15573094351760117,0.016031466503290792,-0.023760334602415,12.666666666666666
RSQ3,nested_set2_top5,profile_curvature,False,0.02940130813410094,0.01483690948985339,0.009664348710826443,13.0
RSQ3,nested_set3_gated_terrain_wind,CanopyCover,True,,,,
RSQ3,nested_set3_gated_terrain_wind,time_since_thinning,True,,,,
RSQ3,nested_set3_gated_terrain_wind,time_since_thinning_missing,True,,,,
RSQ3,nested_set3_gated_terrain_wind,recent_thinning_5yr,True,,,,
RSQ3,nested_set3_gated_terrain_wind,windward_topex,False,0.15563456203133938,0.026553804140777015,-0.003949936043077695,9.333333333333334
RSQ3,nested_set3_gated_terrain_wind,elevation,False,0.16990345398710582,0.05223420946877033,-0.026087384501496835,11.0
RSQ3,nested_set3_gated_terrain_wind,profile_curvature,False,0.02940130813410094,0.01483690948985339,0.009664348710826443,13.0
RSQ3,nested_set3_gated_terrain_wind,solar_radiation_index,False,0.03318992423418169,0.008060109499474555,0.01648707961507767,13.666666666666666
RSQ3,nested_set3_gated_terrain_wind,slope_degrees,False,0.10104596613519934,0.06662553860161258,-0.029369391626079877,14.0
RSQ3,nested_set3_gated_terrain_wind,elevation_roughness,False,0.05840940153205425,0.01633452695558668,-0.009219586152668047,14.666666666666666
RSQ3,nested_set3_gated_terrain_wind,ceh_twi,False,0.034193891064829965,0.013026478153524979,0.0018546310870526383,14.666666666666666
RSQ3,nested_set3_gated_terrain_wind,topex,False,0.12021959366102573,0.0034709204423245543,-0.013876525293671449,16.333333333333332
RSQ3,nested_set3_gated_terrain_wind,tpi_500m,False,0.09604371422839247,0.04097976668799341,-0.03644892161485003,16.666666666666668
RSQ3,nested_set4_gated_all,CanopyCover,True,,,,
RSQ3,nested_set4_gated_all,time_since_thinning,True,,,,
RSQ3,nested_set4_gated_all,time_since_thinning_missing,True,,,,
RSQ3,nested_set4_gated_all,recent_thinning_5yr,True,,,,
RSQ3,nested_set4_gated_all,windward_topex,False,0.15563456203133938,0.026553804140777015,-0.003949936043077695,9.333333333333334
RSQ3,nested_set4_gated_all,elevation,False,0.16990345398710582,0.05223420946877033,-0.026087384501496835,11.0
RSQ3,nested_set4_gated_all,profile_curvature,False,0.02940130813410094,0.01483690948985339,0.009664348710826443,13.0
RSQ3,nested_set4_gated_all,solar_radiation_index,False,0.03318992423418169,0.008060109499474555,0.01648707961507767,13.666666666666666
RSQ3,nested_set4_gated_all,slope_degrees,False,0.10104596613519934,0.06662553860161258,-0.029369391626079877,14.0
RSQ3,nested_set4_gated_all,elevation_roughness,False,0.05840940153205425,0.01633452695558668,-0.009219586152668047,14.666666666666666
RSQ3,nested_set4_gated_all,ceh_twi,False,0.034193891064829965,0.013026478153524979,0.0018546310870526383,14.666666666666666
RSQ3,nested_set4_gated_all,topex,False,0.12021959366102573,0.0034709204423245543,-0.013876525293671449,16.333333333333332
RSQ3,nested_set4_gated_all,tpi_500m,False,0.09604371422839247,0.04097976668799341,-0.03644892161485003,16.666666666666668
RSQ3,nested_set4_gated_all,cpmt_compactness_ratio,False,0.054873164799713554,0.035489038954965135,0.0012240100943451404,11.0
RSQ3,nested_set4_gated_all,dist_to_road,False,0.15573094351760117,0.016031466503290792,-0.023760334602415,12.666666666666666
RSQ3,nested_set4_gated_all,tas_mean,False,0.12787268202530724,0.012260917964154405,-0.014210449704541439,14.666666666666666
RSQ3,nested_set4_gated_all,ceh_textural_composition=5.0,False,0.0853650499249715,0.0035446476963590934,-0.005594287982227275,16.0
RSQ3,nested_set4_gated_all,chelsa_bio12_precip_mm,False,0.13460919520150247,0.06465711799668239,-0.08093647896714473,16.666666666666668
RSQ3,nested_set4_gated_all,ceh_pedotope=8.0,False,0.03569208993867587,0.0,0.004819823791292865,18.5
RSQ3,nested_set4_gated_all,ceh_subsurface_drainage=1.0,False,0.026115424296499826,5.5857692517036206e-05,0.008682741416859652,18.666666666666668
RSQ3,nested_set4_gated_all,ceh_textural_composition=1.0,False,0.032227921309321624,0.0,0.00613180529918278,19.166666666666668
RSQ3,nested_set4_gated_all,ceh_subsurface_drainage=2.0,False,0.06004423689793861,-0.0021312958573671548,0.0037100478033404993,19.666666666666668
RSQ3,nested_set4_gated_all,chelsa_gdd5_degc,False,0.1286670034645754,-0.0014901358576754342,-0.005732304985056835,19.666666666666668
RSQ3,nested_set4_gated_all,soilgrids_ph,False,0.1708436576468024,-0.0004742613569066467,-0.032632064726893506,21.333333333333332
RSQ3,nested_set4_gated_all,ceh_textural_composition=2.0,False,0.028610108137913343,0.0,0.0,22.0
RSQ3,nested_set5_all_ungated,CanopyCover,True,,,,
RSQ3,nested_set5_all_ungated,time_since_thinning,True,,,,
RSQ3,nested_set5_all_ungated,time_since_thinning_missing,True,,,,
RSQ3,nested_set5_all_ungated,recent_thinning_5yr,True,,,,
RSQ3,nested_set5_all_ungated,elevation,False,0.16990345398710582,0.05223420946877033,-0.026087384501496835,11.0
RSQ3,nested_set5_all_ungated,slope_degrees,False,0.10104596613519934,0.06662553860161258,-0.029369391626079877,14.0
RSQ3,nested_set5_all_ungated,northness,False,0.004943316128374247,-0.004317362456952245,-0.00840420698612776,31.666666666666668
RSQ3,nested_set5_all_ungated,eastness,False,0.1100360503149182,0.02878731473175833,-0.045178569688751224,17.666666666666668
RSQ3,nested_set5_all_ungated,profile_curvature,False,0.02940130813410094,0.01483690948985339,0.009664348710826443,13.0
RSQ3,nested_set5_all_ungated,plan_curvature,False,0.009343365877889493,0.0009272628202642297,-0.017993548839203455,26.333333333333332
RSQ3,nested_set5_all_ungated,tpi,False,0.02228656781559311,0.013049168903850106,-0.023816547960420875,22.333333333333332
RSQ3,nested_set5_all_ungated,elevation_roughness,False,0.05840940153205425,0.01633452695558668,-0.009219586152668047,14.666666666666666
RSQ3,nested_set5_all_ungated,ceh_twi,False,0.034193891064829965,0.013026478153524979,0.0018546310870526383,14.666666666666666
RSQ3,nested_set5_all_ungated,solar_radiation_index,False,0.03318992423418169,0.008060109499474555,0.01648707961507767,13.666666666666666
RSQ3,nested_set5_all_ungated,frost_hollow_flag,False,0.011156785450528556,0.0001815691244545503,-0.033922533835667124,29.0
RSQ3,nested_set5_all_ungated,topex,False,0.12021959366102573,0.0034709204423245543,-0.013876525293671449,16.333333333333332
RSQ3,nested_set5_all_ungated,windward_topex,False,0.15563456203133938,0.026553804140777015,-0.003949936043077695,9.333333333333334
RSQ3,nested_set5_all_ungated,whcl,False,0.16534535463919656,-0.010366996736785539,-0.07625245363290833,28.0
RSQ3,nested_set5_all_ungated,gwa_wind_speed_50m,False,0.1779874025090073,-0.0015998420199303531,-0.028347041188912958,21.333333333333332
RSQ3,nested_set5_all_ungated,tpi_500m,False,0.09604371422839247,0.04097976668799341,-0.03644892161485003,16.666666666666668
RSQ3,nested_set5_all_ungated,local_relief_500m,False,0.01543708051366059,-0.0025405922929201408,-0.041212452079762096,34.666666666666664
RSQ3,nested_set5_all_ungated,tas_mean,False,0.12787268202530724,0.012260917964154405,-0.014210449704541439,14.666666666666666
RSQ3,nested_set5_all_ungated,groundfrost_mean,False,0.026802061447076142,0.005267045101372436,-0.031573070852146556,24.666666666666668
RSQ3,nested_set5_all_ungated,chelsa_gdd5_degc,False,0.1286670034645754,-0.0014901358576754342,-0.005732304985056835,19.666666666666668
RSQ3,nested_set5_all_ungated,chelsa_bio12_precip_mm,False,0.13460919520150247,0.06465711799668239,-0.08093647896714473,16.666666666666668
RSQ3,nested_set5_all_ungated,soilgrids_ph,False,0.1708436576468024,-0.0004742613569066467,-0.032632064726893506,21.333333333333332
RSQ3,nested_set5_all_ungated,dist_to_watercourse,False,0.05092848525641507,-0.015561072781551055,-0.04568172197678866,32.333333333333336
RSQ3,nested_set5_all_ungated,dist_to_cpmt_boundary,False,0.0014739167342204408,-0.00017364695176114164,0.025665696945259553,24.0
RSQ3,nested_set5_all_ungated,dist_to_forest_perimeter,False,0.03958946054170261,0.0011135145773724098,-0.05745026427461153,26.333333333333332
RSQ3,nested_set5_all_ungated,dist_to_scpt_boundary,False,0.010070663987547716,0.004863199023039777,-0.07269931190076029,30.0
RSQ3,nested_set5_all_ungated,dist_to_block_boundary,False,0.0015419696118448233,0.0083325117986488,-0.025740852203403275,26.666666666666668
RSQ3,nested_set5_all_ungated,cpmt_compactness_ratio,False,0.054873164799713554,0.035489038954965135,0.0012240100943451404,11.0
RSQ3,nested_set5_all_ungated,dist_to_road,False,0.15573094351760117,0.016031466503290792,-0.023760334602415,12.666666666666666
RSQ3,nested_set5_all_ungated,ceh_pedotope=10.0,False,0.04281640967416197,-0.0012197949158778698,-0.014037989147510643,24.333333333333332
RSQ3,nested_set5_all_ungated,ceh_pedotope=11.0,False,0.004899231410815935,-0.0038830614084839343,0.007986151448711065,27.333333333333332
RSQ3,nested_set5_all_ungated,ceh_pedotope=2.0,False,0.02599911703518358,0.0,0.0,23.0
RSQ3,nested_set5_all_ungated,ceh_pedotope=5.0,False,0.006778473645975203,0.0,0.0,25.333333333333332
RSQ3,nested_set5_all_ungated,ceh_pedotope=8.0,False,0.03569208993867587,0.0,0.004819823791292865,18.5
RSQ3,nested_set5_all_ungated,ceh_pedotope=9.0,False,0.0071498005254883035,0.0,0.0,25.0
RSQ3,nested_set5_all_ungated,ceh_subsurface_drainage=1.0,False,0.026115424296499826,5.5857692517036206e-05,0.008682741416859652,18.666666666666668
RSQ3,nested_set5_all_ungated,ceh_subsurface_drainage=2.0,False,0.06004423689793861,-0.0021312958573671548,0.0037100478033404993,19.666666666666668
RSQ3,nested_set5_all_ungated,ceh_subsurface_drainage=3.0,False,0.05936789994240748,-0.0012426488894020649,-0.03917504236132818,27.666666666666668
RSQ3,nested_set5_all_ungated,ceh_textural_composition=1.0,False,0.032227921309321624,0.0,0.00613180529918278,19.166666666666668
RSQ3,nested_set5_all_ungated,ceh_textural_composition=2.0,False,0.028610108137913343,0.0,0.0,22.0
RSQ3,nested_set5_all_ungated,ceh_textural_composition=5.0,False,0.0853650499249715,0.0035446476963590934,-0.005594287982227275,16.0
